{"offline_id": "331cf5f0e53f43d898cce8deabe06c30", "project_name": "yolov5", "start_time": 1711113814573, "stop_time": 1711113828910, "tags": [], "workspace": null, "resume_strategy": "create", "customer_error_reported": true, "customer_error_message": "Unexpected error detected in the user script: Exception('\\x1b[34m\\x1b[1mval: \\x1b[0mError loading data from /home/hello/pepper/yolov5/datasets/coco128/val: \\x1b[34m\\x1b[1mval: \\x1b[0m/home/hello/pepper/yolov5/datasets/coco128/val does not exist\\nSee https://docs.ultralytics.com/yolov5/tutorials/train_custom_data')", "user_provided_experiment_key": false, "comet_start_sourced": false}